epoch,step,train_loss
0,49,10.66250991821289
1,99,10.314833641052246
2,149,9.107905387878418
3,199,8.703712463378906
4,249,8.341291427612305
5,299,7.96513557434082
6,349,7.882574081420898
7,399,7.808752536773682
8,449,7.5181989669799805
9,499,7.966988563537598
10,549,7.322888374328613
11,599,7.229574203491211
12,649,7.186187267303467
13,699,7.740673065185547
14,749,7.2476277351379395
