epoch,step,train_loss
0,49,10.240072250366211
1,99,10.386344909667969
2,149,8.774284362792969
3,199,8.2703275680542
4,249,7.979668617248535
5,299,7.87689208984375
6,349,7.993243217468262
7,399,7.663549423217773
8,449,7.930948257446289
9,499,7.620088577270508
10,549,7.562613010406494
11,599,7.498083114624023
12,649,7.222440719604492
13,699,7.290051460266113
14,749,7.432034492492676
